location_name,FIPS,year_id,val
Albany County,56001,1980,75.52244946
Albany County,56001,1981,75.87009967
Albany County,56001,1982,76.19439547
Albany County,56001,1983,76.33686872
Albany County,56001,1984,76.58273044
Albany County,56001,1985,76.5495879
Albany County,56001,1986,76.64856029
Albany County,56001,1987,76.73516098
Albany County,56001,1988,76.77445695
Albany County,56001,1989,77.05075752
Albany County,56001,1990,77.23625627
Albany County,56001,1991,77.46850494
Albany County,56001,1992,77.65316644
Albany County,56001,1993,77.47723126
Albany County,56001,1994,77.68660536
Albany County,56001,1995,77.71454242
Albany County,56001,1996,78.03860259
Albany County,56001,1997,78.36889913
Albany County,56001,1998,78.45993846
Albany County,56001,1999,78.53802403
Albany County,56001,2000,78.48936995
Albany County,56001,2001,78.57536654
Albany County,56001,2002,78.74023229
Albany County,56001,2003,78.91889319
Albany County,56001,2004,79.26808018
Albany County,56001,2005,79.34544422
Albany County,56001,2006,79.44076326
Albany County,56001,2007,79.7413929
Albany County,56001,2008,79.98719481
Albany County,56001,2009,80.14752067
Albany County,56001,2010,80.3092746
Albany County,56001,2011,80.42454717
Albany County,56001,2012,80.42858852
Albany County,56001,2013,80.48135338
Albany County,56001,2014,80.54080382
Big Horn County,56003,1980,74.45085583
Big Horn County,56003,1981,74.77173099
Big Horn County,56003,1982,75.04158604
Big Horn County,56003,1983,75.17457586
Big Horn County,56003,1984,75.11259896
Big Horn County,56003,1985,75.31943883
Big Horn County,56003,1986,75.13653203
Big Horn County,56003,1987,75.31724748
Big Horn County,56003,1988,75.32631391
Big Horn County,56003,1989,75.44907299
Big Horn County,56003,1990,75.64027574
Big Horn County,56003,1991,75.68192878
Big Horn County,56003,1992,75.82556269999999
Big Horn County,56003,1993,75.77168272
Big Horn County,56003,1994,75.78128941
Big Horn County,56003,1995,75.84158682
Big Horn County,56003,1996,76.19123727
Big Horn County,56003,1997,76.50832894
Big Horn County,56003,1998,76.62630939
Big Horn County,56003,1999,76.59404335
Big Horn County,56003,2000,76.62536523
Big Horn County,56003,2001,76.57182631
Big Horn County,56003,2002,76.62635145
Big Horn County,56003,2003,76.81851119
Big Horn County,56003,2004,77.0230154
Big Horn County,56003,2005,76.92476862
Big Horn County,56003,2006,77.06969261
Big Horn County,56003,2007,77.2352754
Big Horn County,56003,2008,77.34683294
Big Horn County,56003,2009,77.61888777
Big Horn County,56003,2010,77.77533101
Big Horn County,56003,2011,77.82030968
Big Horn County,56003,2012,77.83135079
Big Horn County,56003,2013,77.81885616
Big Horn County,56003,2014,77.75887624
Campbell County,56005,1980,74.08415276
Campbell County,56005,1981,74.26315615
Campbell County,56005,1982,74.66834772
Campbell County,56005,1983,74.76334933
Campbell County,56005,1984,74.92664223
Campbell County,56005,1985,74.99669728
Campbell County,56005,1986,74.98499686
Campbell County,56005,1987,75.01318354
Campbell County,56005,1988,75.03877393
Campbell County,56005,1989,75.16853725
Campbell County,56005,1990,75.26218555
Campbell County,56005,1991,75.29544282
Campbell County,56005,1992,75.54765314
Campbell County,56005,1993,75.53437361
Campbell County,56005,1994,75.50542732
Campbell County,56005,1995,75.55745015
Campbell County,56005,1996,75.95480877
Campbell County,56005,1997,76.09085595
Campbell County,56005,1998,76.31172027
Campbell County,56005,1999,76.27533192
Campbell County,56005,2000,76.31535972
Campbell County,56005,2001,76.29001146
Campbell County,56005,2002,76.29449543
Campbell County,56005,2003,76.3911245
Campbell County,56005,2004,76.78792878
Campbell County,56005,2005,76.72196196
Campbell County,56005,2006,76.80359858
Campbell County,56005,2007,77.04716116
Campbell County,56005,2008,77.05406447
Campbell County,56005,2009,77.02581969
Campbell County,56005,2010,77.40593474
Campbell County,56005,2011,77.37892368
Campbell County,56005,2012,77.64671652
Campbell County,56005,2013,77.52243493
Campbell County,56005,2014,77.47278396
Carbon County,56007,1980,72.84272403
Carbon County,56007,1981,73.17339150000001
Carbon County,56007,1982,73.54523132
Carbon County,56007,1983,73.72509382
Carbon County,56007,1984,73.75652942
Carbon County,56007,1985,73.75471764
Carbon County,56007,1986,73.88040499
Carbon County,56007,1987,74.0031861
Carbon County,56007,1988,73.84246636
Carbon County,56007,1989,74.06223626
Carbon County,56007,1990,74.30416181
Carbon County,56007,1991,74.42034725
Carbon County,56007,1992,74.57695509
Carbon County,56007,1993,74.57548593
Carbon County,56007,1994,74.57339441
Carbon County,56007,1995,74.64251447
Carbon County,56007,1996,75.03779149
Carbon County,56007,1997,75.48926841
Carbon County,56007,1998,75.55076939
Carbon County,56007,1999,75.63549493
Carbon County,56007,2000,75.64082695
Carbon County,56007,2001,75.69096952
Carbon County,56007,2002,75.74754805
Carbon County,56007,2003,75.92424466
Carbon County,56007,2004,76.22884006
Carbon County,56007,2005,76.21905765
Carbon County,56007,2006,76.40699162
Carbon County,56007,2007,76.61009995
Carbon County,56007,2008,76.84318001
Carbon County,56007,2009,77.00941402
Carbon County,56007,2010,77.3409295
Carbon County,56007,2011,77.34063905
Carbon County,56007,2012,77.42000908
Carbon County,56007,2013,77.39331104
Carbon County,56007,2014,77.30396936
Converse County,56009,1980,73.67219774
Converse County,56009,1981,74.07506659
Converse County,56009,1982,74.42687929
Converse County,56009,1983,74.65866745
Converse County,56009,1984,74.66463076
Converse County,56009,1985,74.76971123
Converse County,56009,1986,74.78279226
Converse County,56009,1987,74.88861539
Converse County,56009,1988,74.91415387
Converse County,56009,1989,75.15612552
Converse County,56009,1990,75.39041153
Converse County,56009,1991,75.49892003
Converse County,56009,1992,75.73774242
Converse County,56009,1993,75.67932724
Converse County,56009,1994,75.73293459
Converse County,56009,1995,75.84579523
Converse County,56009,1996,76.21178409
Converse County,56009,1997,76.61275106
Converse County,56009,1998,76.77542145
Converse County,56009,1999,76.78396636
Converse County,56009,2000,76.85583098
Converse County,56009,2001,76.94481879
Converse County,56009,2002,77.07289315
Converse County,56009,2003,77.18854201
Converse County,56009,2004,77.49956242
Converse County,56009,2005,77.67595465
Converse County,56009,2006,77.85203201
Converse County,56009,2007,78.00994584
Converse County,56009,2008,78.21670455
Converse County,56009,2009,78.44166131
Converse County,56009,2010,78.68305189
Converse County,56009,2011,78.67295992
Converse County,56009,2012,78.75254303
Converse County,56009,2013,78.74193648
Converse County,56009,2014,78.77130658
Crook County,56011,1980,74.46889559
Crook County,56011,1981,74.77518312
Crook County,56011,1982,75.24777686
Crook County,56011,1983,75.34127784
Crook County,56011,1984,75.67154038
Crook County,56011,1985,75.6903875
Crook County,56011,1986,75.82192989
Crook County,56011,1987,76.01685833
Crook County,56011,1988,76.03048089
Crook County,56011,1989,76.23943599
Crook County,56011,1990,76.50937679
Crook County,56011,1991,76.63314473
Crook County,56011,1992,76.89657228
Crook County,56011,1993,76.82965133
Crook County,56011,1994,76.88307732
Crook County,56011,1995,76.96896434
Crook County,56011,1996,77.40443805
Crook County,56011,1997,77.78040106
Crook County,56011,1998,77.86473609
Crook County,56011,1999,77.97895491
Crook County,56011,2000,77.92887366
Crook County,56011,2001,77.93824008
Crook County,56011,2002,78.05330098
Crook County,56011,2003,78.26237813
Crook County,56011,2004,78.62209444
Crook County,56011,2005,78.66100127
Crook County,56011,2006,78.88560487
Crook County,56011,2007,79.17543140000001
Crook County,56011,2008,79.37175888
Crook County,56011,2009,79.49291509
Crook County,56011,2010,79.76285370000001
Crook County,56011,2011,79.83171704
Crook County,56011,2012,79.81570809
Crook County,56011,2013,79.87239954
Crook County,56011,2014,79.9426527
Fremont County,56013,1980,72.03231724
Fremont County,56013,1981,72.33227542
Fremont County,56013,1982,72.63472907
Fremont County,56013,1983,73.02507279
Fremont County,56013,1984,73.02360463
Fremont County,56013,1985,72.84613419
Fremont County,56013,1986,72.92134987
Fremont County,56013,1987,72.82551801
Fremont County,56013,1988,72.89640301
Fremont County,56013,1989,72.91473532
Fremont County,56013,1990,73.14817557
Fremont County,56013,1991,73.33568092
Fremont County,56013,1992,73.45973655
Fremont County,56013,1993,73.27525662
Fremont County,56013,1994,73.34901257
Fremont County,56013,1995,73.36551086
Fremont County,56013,1996,73.90880741
Fremont County,56013,1997,74.01363265
Fremont County,56013,1998,74.36988173
Fremont County,56013,1999,74.28560403
Fremont County,56013,2000,74.54101657
Fremont County,56013,2001,74.28518723
Fremont County,56013,2002,74.31981967
Fremont County,56013,2003,74.362932
Fremont County,56013,2004,74.97811748
Fremont County,56013,2005,74.90342861
Fremont County,56013,2006,74.7563554
Fremont County,56013,2007,75.06460133
Fremont County,56013,2008,75.3516561
Fremont County,56013,2009,75.43198578
Fremont County,56013,2010,75.74368425
Fremont County,56013,2011,75.80937755
Fremont County,56013,2012,75.63651339
Fremont County,56013,2013,75.84460285
Fremont County,56013,2014,75.82153662
Goshen County,56015,1980,74.67583638
Goshen County,56015,1981,74.89663708
Goshen County,56015,1982,75.25633807
Goshen County,56015,1983,75.43149602
Goshen County,56015,1984,75.71301764
Goshen County,56015,1985,75.65930585
Goshen County,56015,1986,75.73725288
Goshen County,56015,1987,75.88470016
Goshen County,56015,1988,76.02682987
Goshen County,56015,1989,76.24356308
Goshen County,56015,1990,76.48508821
Goshen County,56015,1991,76.63031744
Goshen County,56015,1992,76.87682642
Goshen County,56015,1993,76.81356116
Goshen County,56015,1994,76.94495494
Goshen County,56015,1995,76.93363979
Goshen County,56015,1996,77.370464
Goshen County,56015,1997,77.71553979
Goshen County,56015,1998,77.83156851
Goshen County,56015,1999,77.88637137
Goshen County,56015,2000,77.96474214
Goshen County,56015,2001,78.0112446
Goshen County,56015,2002,78.03392271
Goshen County,56015,2003,78.27739835
Goshen County,56015,2004,78.53454164
Goshen County,56015,2005,78.64726076
Goshen County,56015,2006,78.85746061
Goshen County,56015,2007,79.04581457
Goshen County,56015,2008,79.30796764
Goshen County,56015,2009,79.43617212
Goshen County,56015,2010,79.6389757
Goshen County,56015,2011,79.74073212
Goshen County,56015,2012,79.76255611
Goshen County,56015,2013,79.85776741
Goshen County,56015,2014,79.81017218
Hot Springs County,56017,1980,74.00638214
Hot Springs County,56017,1981,74.22823327
Hot Springs County,56017,1982,74.56790654
Hot Springs County,56017,1983,74.75034006
Hot Springs County,56017,1984,74.82876696
Hot Springs County,56017,1985,74.86933938
Hot Springs County,56017,1986,74.87027269
Hot Springs County,56017,1987,74.9353772
Hot Springs County,56017,1988,74.90144674
Hot Springs County,56017,1989,74.993413
Hot Springs County,56017,1990,75.18153824
Hot Springs County,56017,1991,75.27052071
Hot Springs County,56017,1992,75.39735207
Hot Springs County,56017,1993,75.30734706
Hot Springs County,56017,1994,75.39504935
Hot Springs County,56017,1995,75.49426842
Hot Springs County,56017,1996,75.80534759
Hot Springs County,56017,1997,76.07692984
Hot Springs County,56017,1998,76.2529663
Hot Springs County,56017,1999,76.18804719
Hot Springs County,56017,2000,76.12922042
Hot Springs County,56017,2001,76.03696071
Hot Springs County,56017,2002,76.10048753
Hot Springs County,56017,2003,76.15387752
Hot Springs County,56017,2004,76.46740566
Hot Springs County,56017,2005,76.44266923
Hot Springs County,56017,2006,76.56297035
Hot Springs County,56017,2007,76.72897177
Hot Springs County,56017,2008,76.84275061
Hot Springs County,56017,2009,77.01246955
Hot Springs County,56017,2010,77.23902956
Hot Springs County,56017,2011,77.18639205
Hot Springs County,56017,2012,77.23984508
Hot Springs County,56017,2013,77.14364234
Hot Springs County,56017,2014,77.09104123
Johnson County,56019,1980,74.19105969
Johnson County,56019,1981,74.50415478
Johnson County,56019,1982,74.90774365
Johnson County,56019,1983,75.10510268
Johnson County,56019,1984,75.19200063
Johnson County,56019,1985,75.20065516
Johnson County,56019,1986,75.29822854
Johnson County,56019,1987,75.46501202
Johnson County,56019,1988,75.42503812
Johnson County,56019,1989,75.63340543
Johnson County,56019,1990,75.95979243
Johnson County,56019,1991,76.12856015
Johnson County,56019,1992,76.35188588
Johnson County,56019,1993,76.23477466
Johnson County,56019,1994,76.49902079
Johnson County,56019,1995,76.50984232
Johnson County,56019,1996,76.9057552
Johnson County,56019,1997,77.25602048
Johnson County,56019,1998,77.42558814
Johnson County,56019,1999,77.61392193
Johnson County,56019,2000,77.55978268
Johnson County,56019,2001,77.66078143
Johnson County,56019,2002,77.83848941
Johnson County,56019,2003,77.9238182
Johnson County,56019,2004,78.2321656
Johnson County,56019,2005,78.27640723
Johnson County,56019,2006,78.44813538
Johnson County,56019,2007,78.7585245
Johnson County,56019,2008,78.92425239
Johnson County,56019,2009,79.11410945
Johnson County,56019,2010,79.35032199999999
Johnson County,56019,2011,79.46329459
Johnson County,56019,2012,79.47631256
Johnson County,56019,2013,79.50950114
Johnson County,56019,2014,79.50882664
Laramie County,56021,1980,74.15913872
Laramie County,56021,1981,74.49932921
Laramie County,56021,1982,74.74935366
Laramie County,56021,1983,74.87851015
Laramie County,56021,1984,75.06070439
Laramie County,56021,1985,74.88384832
Laramie County,56021,1986,75.16391614
Laramie County,56021,1987,75.50779319
Laramie County,56021,1988,75.42987563
Laramie County,56021,1989,75.52058871
Laramie County,56021,1990,75.69838728
Laramie County,56021,1991,75.94114524
Laramie County,56021,1992,75.92176277
Laramie County,56021,1993,75.98331023
Laramie County,56021,1994,76.15297165
Laramie County,56021,1995,76.07210425
Laramie County,56021,1996,76.49807887
Laramie County,56021,1997,76.78686887
Laramie County,56021,1998,76.92912679999999
Laramie County,56021,1999,76.96865984
Laramie County,56021,2000,76.99539349
Laramie County,56021,2001,76.94475301
Laramie County,56021,2002,77.17057598
Laramie County,56021,2003,77.24305911
Laramie County,56021,2004,77.64434768
Laramie County,56021,2005,77.50068297
Laramie County,56021,2006,77.68131235
Laramie County,56021,2007,77.83310098
Laramie County,56021,2008,78.28604288
Laramie County,56021,2009,78.28379909
Laramie County,56021,2010,78.513811
Laramie County,56021,2011,78.59469959
Laramie County,56021,2012,78.79954893
Laramie County,56021,2013,78.98637339
Laramie County,56021,2014,78.88017714
Lincoln County,56023,1980,74.73398136
Lincoln County,56023,1981,75.04084887
Lincoln County,56023,1982,75.45604228
Lincoln County,56023,1983,75.64000697
Lincoln County,56023,1984,75.75021581
Lincoln County,56023,1985,75.76580263
Lincoln County,56023,1986,75.86106851
Lincoln County,56023,1987,76.04322481
Lincoln County,56023,1988,75.96131913
Lincoln County,56023,1989,76.22939612
Lincoln County,56023,1990,76.45858542
Lincoln County,56023,1991,76.60758735
Lincoln County,56023,1992,76.86236108
Lincoln County,56023,1993,76.72183573
Lincoln County,56023,1994,76.90990684
Lincoln County,56023,1995,77.03117818
Lincoln County,56023,1996,77.41087875
Lincoln County,56023,1997,77.73377029
Lincoln County,56023,1998,77.94171959
Lincoln County,56023,1999,77.92757647
Lincoln County,56023,2000,78.0418033
Lincoln County,56023,2001,78.04334492
Lincoln County,56023,2002,78.18937181
Lincoln County,56023,2003,78.32854652
Lincoln County,56023,2004,78.66049117
Lincoln County,56023,2005,78.69110071
Lincoln County,56023,2006,78.98721527
Lincoln County,56023,2007,79.07143612
Lincoln County,56023,2008,79.36717279
Lincoln County,56023,2009,79.56732146
Lincoln County,56023,2010,79.82764018
Lincoln County,56023,2011,79.81870739
Lincoln County,56023,2012,80.00464977
Lincoln County,56023,2013,80.03895502
Lincoln County,56023,2014,80.02676125
Natrona County,56025,1980,74.68009623
Natrona County,56025,1981,74.77391387
Natrona County,56025,1982,75.22145563
Natrona County,56025,1983,75.29373000000001
Natrona County,56025,1984,75.35789103
Natrona County,56025,1985,75.33059869
Natrona County,56025,1986,75.43352972
Natrona County,56025,1987,75.37428566
Natrona County,56025,1988,75.24805908
Natrona County,56025,1989,75.4150071
Natrona County,56025,1990,75.64981914
Natrona County,56025,1991,75.68873352
Natrona County,56025,1992,76.01248776
Natrona County,56025,1993,75.67292851
Natrona County,56025,1994,75.92856569
Natrona County,56025,1995,75.76697222
Natrona County,56025,1996,76.21395089
Natrona County,56025,1997,76.37802193
Natrona County,56025,1998,76.59052790000001
Natrona County,56025,1999,76.38970877
Natrona County,56025,2000,76.52359058
Natrona County,56025,2001,76.40800989
Natrona County,56025,2002,76.40413785
Natrona County,56025,2003,76.66773068
Natrona County,56025,2004,77.06048643
Natrona County,56025,2005,76.93490635
Natrona County,56025,2006,76.81824623
Natrona County,56025,2007,77.35759882
Natrona County,56025,2008,77.46096842
Natrona County,56025,2009,77.47587098
Natrona County,56025,2010,77.74760069
Natrona County,56025,2011,77.72909216
Natrona County,56025,2012,77.84910064
Natrona County,56025,2013,77.63483082
Natrona County,56025,2014,77.65263504
Niobrara County,56027,1980,73.10474866
Niobrara County,56027,1981,73.46299315
Niobrara County,56027,1982,73.90220702
Niobrara County,56027,1983,74.11206841
Niobrara County,56027,1984,74.3050488
Niobrara County,56027,1985,74.32063799
Niobrara County,56027,1986,74.46805025
Niobrara County,56027,1987,74.57370279999999
Niobrara County,56027,1988,74.63572848
Niobrara County,56027,1989,74.81792043
Niobrara County,56027,1990,75.12737083
Niobrara County,56027,1991,75.17183926
Niobrara County,56027,1992,75.46581369
Niobrara County,56027,1993,75.46084355
Niobrara County,56027,1994,75.50447576
Niobrara County,56027,1995,75.63017846
Niobrara County,56027,1996,76.033827
Niobrara County,56027,1997,76.37981541
Niobrara County,56027,1998,76.58481448
Niobrara County,56027,1999,76.62669203
Niobrara County,56027,2000,76.62534006
Niobrara County,56027,2001,76.73930855
Niobrara County,56027,2002,76.87491501
Niobrara County,56027,2003,77.04723986
Niobrara County,56027,2004,77.37375852
Niobrara County,56027,2005,77.43846927
Niobrara County,56027,2006,77.61168225
Niobrara County,56027,2007,78.0826337
Niobrara County,56027,2008,78.18676231
Niobrara County,56027,2009,78.35170006
Niobrara County,56027,2010,78.62971704
Niobrara County,56027,2011,78.71445246
Niobrara County,56027,2012,78.85683168
Niobrara County,56027,2013,78.86329188
Niobrara County,56027,2014,78.86207028
Park County,56029,1980,75.15074972
Park County,56029,1981,75.55125172
Park County,56029,1982,75.81549462
Park County,56029,1983,76.10694654
Park County,56029,1984,76.17953707
Park County,56029,1985,76.18841352
Park County,56029,1986,76.3489767
Park County,56029,1987,76.46679828
Park County,56029,1988,76.52334284
Park County,56029,1989,76.64203561
Park County,56029,1990,76.84164636
Park County,56029,1991,76.99155334
Park County,56029,1992,77.29635086
Park County,56029,1993,77.05329175
Park County,56029,1994,77.19532957
Park County,56029,1995,77.34789385
Park County,56029,1996,77.76101502
Park County,56029,1997,77.9517142
Park County,56029,1998,78.24396390000001
Park County,56029,1999,78.08943808
Park County,56029,2000,78.41776273
Park County,56029,2001,78.41675075
Park County,56029,2002,78.44745845
Park County,56029,2003,78.56755043
Park County,56029,2004,78.84778029
Park County,56029,2005,78.9840954
Park County,56029,2006,79.12550646
Park County,56029,2007,79.41539094
Park County,56029,2008,79.56423194
Park County,56029,2009,79.77860074
Park County,56029,2010,79.98732742
Park County,56029,2011,80.05923662
Park County,56029,2012,80.054991
Park County,56029,2013,80.14972101
Park County,56029,2014,80.17402293
Platte County,56031,1980,73.55208405
Platte County,56031,1981,73.91804304
Platte County,56031,1982,74.16074057
Platte County,56031,1983,74.35376081
Platte County,56031,1984,74.50063176
Platte County,56031,1985,74.53789521
Platte County,56031,1986,74.64155347
Platte County,56031,1987,74.82156549
Platte County,56031,1988,74.91550545
Platte County,56031,1989,75.10997837
Platte County,56031,1990,75.32435963
Platte County,56031,1991,75.44798255
Platte County,56031,1992,75.68464222
Platte County,56031,1993,75.68082635
Platte County,56031,1994,75.69123884
Platte County,56031,1995,75.85804021
Platte County,56031,1996,76.20735297
Platte County,56031,1997,76.56859923
Platte County,56031,1998,76.73839726
Platte County,56031,1999,76.77620778
Platte County,56031,2000,76.8322146
Platte County,56031,2001,76.97843784
Platte County,56031,2002,76.94506516
Platte County,56031,2003,77.18638954
Platte County,56031,2004,77.55344577
Platte County,56031,2005,77.59392629
Platte County,56031,2006,77.70948512
Platte County,56031,2007,78.02839739
Platte County,56031,2008,78.24693574
Platte County,56031,2009,78.47068767
Platte County,56031,2010,78.67175988
Platte County,56031,2011,78.70435993
Platte County,56031,2012,78.80208084
Platte County,56031,2013,78.86590890000001
Platte County,56031,2014,78.81761709999999
Sheridan County,56033,1980,74.39293915
Sheridan County,56033,1981,74.6593233
Sheridan County,56033,1982,74.95842205
Sheridan County,56033,1983,75.05682892
Sheridan County,56033,1984,75.21065444
Sheridan County,56033,1985,75.21576162
Sheridan County,56033,1986,75.3283713
Sheridan County,56033,1987,75.35483069
Sheridan County,56033,1988,75.28427858
Sheridan County,56033,1989,75.51493856
Sheridan County,56033,1990,75.62517242
Sheridan County,56033,1991,75.77182320000001
Sheridan County,56033,1992,75.94829851
Sheridan County,56033,1993,75.99318466
Sheridan County,56033,1994,76.04905188
Sheridan County,56033,1995,76.09275439
Sheridan County,56033,1996,76.44125742
Sheridan County,56033,1997,76.81099828
Sheridan County,56033,1998,76.69075755
Sheridan County,56033,1999,76.91679909
Sheridan County,56033,2000,76.92639319
Sheridan County,56033,2001,76.83455718
Sheridan County,56033,2002,76.93125224
Sheridan County,56033,2003,77.13609372
Sheridan County,56033,2004,77.43441676
Sheridan County,56033,2005,77.46140295
Sheridan County,56033,2006,77.47121531
Sheridan County,56033,2007,77.80885804
Sheridan County,56033,2008,77.86489929
Sheridan County,56033,2009,78.14780031
Sheridan County,56033,2010,78.36372214
Sheridan County,56033,2011,78.33007884
Sheridan County,56033,2012,78.52952725
Sheridan County,56033,2013,78.50928239
Sheridan County,56033,2014,78.39859248
Sublette County,56035,1980,74.30139692
Sublette County,56035,1981,74.64770328
Sublette County,56035,1982,75.05007567
Sublette County,56035,1983,75.19528341
Sublette County,56035,1984,75.46668648
Sublette County,56035,1985,75.55945854
Sublette County,56035,1986,75.71708897
Sublette County,56035,1987,75.80313863
Sublette County,56035,1988,75.76157575
Sublette County,56035,1989,76.03863696
Sublette County,56035,1990,76.34198377
Sublette County,56035,1991,76.48356609999999
Sublette County,56035,1992,76.77921907
Sublette County,56035,1993,76.80663727
Sublette County,56035,1994,76.90982446
Sublette County,56035,1995,77.10170911
Sublette County,56035,1996,77.48542843
Sublette County,56035,1997,77.79211772
Sublette County,56035,1998,77.99777367
Sublette County,56035,1999,78.09578523
Sublette County,56035,2000,78.19700065
Sublette County,56035,2001,78.24833223
Sublette County,56035,2002,78.35133645
Sublette County,56035,2003,78.55306808
Sublette County,56035,2004,78.88954957
Sublette County,56035,2005,78.9635445
Sublette County,56035,2006,79.19829325
Sublette County,56035,2007,79.53277175
Sublette County,56035,2008,79.76043333
Sublette County,56035,2009,80.00254554
Sublette County,56035,2010,80.29054668
Sublette County,56035,2011,80.32669544
Sublette County,56035,2012,80.45165516
Sublette County,56035,2013,80.48957651
Sublette County,56035,2014,80.47744103
Sweetwater County,56037,1980,74.028979
Sweetwater County,56037,1981,74.25707774
Sweetwater County,56037,1982,74.71785738
Sweetwater County,56037,1983,74.93373192
Sweetwater County,56037,1984,75.10765905
Sweetwater County,56037,1985,75.12738533
Sweetwater County,56037,1986,75.21080224
Sweetwater County,56037,1987,75.34975111
Sweetwater County,56037,1988,75.35588412
Sweetwater County,56037,1989,75.34802837
Sweetwater County,56037,1990,75.62113216
Sweetwater County,56037,1991,75.64455532
Sweetwater County,56037,1992,75.80630558
Sweetwater County,56037,1993,75.76792004
Sweetwater County,56037,1994,75.75732172
Sweetwater County,56037,1995,75.73562749
Sweetwater County,56037,1996,76.1291028
Sweetwater County,56037,1997,76.42564496
Sweetwater County,56037,1998,76.53264864
Sweetwater County,56037,1999,76.47104604
Sweetwater County,56037,2000,76.60289384
Sweetwater County,56037,2001,76.4796321
Sweetwater County,56037,2002,76.59529090000001
Sweetwater County,56037,2003,76.60299066
Sweetwater County,56037,2004,76.86794026
Sweetwater County,56037,2005,76.94318125
Sweetwater County,56037,2006,77.05863763
Sweetwater County,56037,2007,77.18698226
Sweetwater County,56037,2008,77.48346164
Sweetwater County,56037,2009,77.62186396
Sweetwater County,56037,2010,77.92897355
Sweetwater County,56037,2011,77.8777171
Sweetwater County,56037,2012,77.83982822
Sweetwater County,56037,2013,77.96119876
Sweetwater County,56037,2014,77.86656488
Teton County,56039,1980,76.34672017
Teton County,56039,1981,76.74170838
Teton County,56039,1982,77.17262632
Teton County,56039,1983,77.28851788
Teton County,56039,1984,77.58432271
Teton County,56039,1985,77.58323598
Teton County,56039,1986,77.7723169
Teton County,56039,1987,77.98434943
Teton County,56039,1988,78.09856911
Teton County,56039,1989,78.4098944
Teton County,56039,1990,78.71254584
Teton County,56039,1991,78.96625164
Teton County,56039,1992,79.22868732
Teton County,56039,1993,79.26482202
Teton County,56039,1994,79.44226979999999
Teton County,56039,1995,79.66173092
Teton County,56039,1996,80.01126593
Teton County,56039,1997,80.40425685
Teton County,56039,1998,80.61186935
Teton County,56039,1999,80.76646702
Teton County,56039,2000,80.85124332
Teton County,56039,2001,80.96415419
Teton County,56039,2002,81.13937932
Teton County,56039,2003,81.30812223
Teton County,56039,2004,81.66775773
Teton County,56039,2005,81.80574619
Teton County,56039,2006,82.05108725
Teton County,56039,2007,82.37383432
Teton County,56039,2008,82.55402165
Teton County,56039,2009,82.78234825
Teton County,56039,2010,82.95375145
Teton County,56039,2011,83.16586048
Teton County,56039,2012,83.25061791
Teton County,56039,2013,83.37372134
Teton County,56039,2014,83.45920611
Uinta County,56041,1980,74.80198859999999
Uinta County,56041,1981,75.20431598
Uinta County,56041,1982,75.57988417
Uinta County,56041,1983,75.72352572
Uinta County,56041,1984,75.77970984
Uinta County,56041,1985,75.77452041
Uinta County,56041,1986,75.78843925
Uinta County,56041,1987,75.80025655
Uinta County,56041,1988,75.71803220000001
Uinta County,56041,1989,75.81716752
Uinta County,56041,1990,75.95724051
Uinta County,56041,1991,75.99450585
Uinta County,56041,1992,76.08108171
Uinta County,56041,1993,76.06497662
Uinta County,56041,1994,76.01632361
Uinta County,56041,1995,76.04299802
Uinta County,56041,1996,76.25200824
Uinta County,56041,1997,76.52140794
Uinta County,56041,1998,76.72322468
Uinta County,56041,1999,76.55092485
Uinta County,56041,2000,76.62117406
Uinta County,56041,2001,76.55290566
Uinta County,56041,2002,76.56601324
Uinta County,56041,2003,76.64567473
Uinta County,56041,2004,76.91211398
Uinta County,56041,2005,76.82528737
Uinta County,56041,2006,76.90170614
Uinta County,56041,2007,77.05002446
Uinta County,56041,2008,77.17454434
Uinta County,56041,2009,77.40355705
Uinta County,56041,2010,77.5106785
Uinta County,56041,2011,77.51585295
Uinta County,56041,2012,77.60443274
Uinta County,56041,2013,77.48511124
Uinta County,56041,2014,77.38102567
Washakie County,56043,1980,74.67616952
Washakie County,56043,1981,74.94498940000001
Washakie County,56043,1982,75.32425553
Washakie County,56043,1983,75.36393993
Washakie County,56043,1984,75.61667294
Washakie County,56043,1985,75.577115
Washakie County,56043,1986,75.6423568
Washakie County,56043,1987,75.69170026
Washakie County,56043,1988,75.74115868
Washakie County,56043,1989,75.77551486
Washakie County,56043,1990,76.07661882
Washakie County,56043,1991,76.21596551
Washakie County,56043,1992,76.35981201
Washakie County,56043,1993,76.41028011
Washakie County,56043,1994,76.40189649
Washakie County,56043,1995,76.50094876
Washakie County,56043,1996,76.69329402
Washakie County,56043,1997,77.13166033
Washakie County,56043,1998,77.23238989
Washakie County,56043,1999,77.24419558
Washakie County,56043,2000,77.28850019
Washakie County,56043,2001,77.32246318
Washakie County,56043,2002,77.39742615
Washakie County,56043,2003,77.47707437
Washakie County,56043,2004,77.76459990000001
Washakie County,56043,2005,77.7988396
Washakie County,56043,2006,78.00726493
Washakie County,56043,2007,78.20426818
Washakie County,56043,2008,78.31344545
Washakie County,56043,2009,78.50460879
Washakie County,56043,2010,78.76689837
Washakie County,56043,2011,78.79125679
Washakie County,56043,2012,78.87287181
Washakie County,56043,2013,78.93503621
Washakie County,56043,2014,78.86279983
Weston County,56045,1980,73.24302239
Weston County,56045,1981,73.70462161
Weston County,56045,1982,74.08126649
Weston County,56045,1983,74.20875788
Weston County,56045,1984,74.4484856
Weston County,56045,1985,74.57571065
Weston County,56045,1986,74.65384194
Weston County,56045,1987,74.78075375
Weston County,56045,1988,74.75252173
Weston County,56045,1989,75.02824549
Weston County,56045,1990,75.30820561
Weston County,56045,1991,75.43544831
Weston County,56045,1992,75.67974694
Weston County,56045,1993,75.57096686
Weston County,56045,1994,75.68339881
Weston County,56045,1995,75.76568370000001
Weston County,56045,1996,76.18587304
Weston County,56045,1997,76.54289229999999
Weston County,56045,1998,76.69003885
Weston County,56045,1999,76.73854887
Weston County,56045,2000,76.8396641
Weston County,56045,2001,76.81690649999999
Weston County,56045,2002,76.98259027
Weston County,56045,2003,77.1128602
Weston County,56045,2004,77.49660856
Weston County,56045,2005,77.42917154
Weston County,56045,2006,77.63813885
Weston County,56045,2007,77.92189568
Weston County,56045,2008,78.19399041
Weston County,56045,2009,78.40655847
Weston County,56045,2010,78.64313831
Weston County,56045,2011,78.64146534
Weston County,56045,2012,78.74090253
Weston County,56045,2013,78.86438912
Weston County,56045,2014,78.76095094
